TrackId,PointId,DateGMT,TimeGMT,Latitude,Longitude,AltLat,AltLon,ArgosQuality,Breed_stage,BirdId,Sex,Age,Colony
89052,1,18/12/2008,14:03:16,-46.624,37.978,0,0,2,non_breeding,89052,unknown,Adult,Prince Edward Island
89052,2,18/12/2008,15:06:59,-46.625,37.971,0,0,2,non_breeding,89052,unknown,Adult,Prince Edward Island
89052,3,18/12/2008,15:41:44,-48.146,30.359,0,0,A,non_breeding,89052,unknown,Adult,Prince Edward Island
89052,4,18/12/2008,18:26:13,-46.625,37.98,0,0,2,non_breeding,89052,unknown,Adult,Prince Edward Island
89052,5,18/12/2008,18:29:07,-46.623,37.975,0,0,2,non_breeding,89052,unknown,Adult,Prince Edward Island
89052,6,18/12/2008,20:04:06,-46.625,37.982,0,0,B,non_breeding,89052,unknown,Adult,Prince Edward Island
89052,7,18/12/2008,20:07:00,-46.623,37.974,0,0,A,non_breeding,89052,unknown,Adult,Prince Edward Island
89052,8,18/12/2008,20:45:48,-46.616,37.997,0,0,B,non_breeding,89052,unknown,Adult,Prince Edward Island
89052,9,18/12/2008,22:27:44,-46.602,37.865,0,0,0,non_breeding,89052,unknown,Adult,Prince Edward Island
89052,10,19/12/2008,10:50:55,-46.617,37.904,0,0,0,non_breeding,89052,unknown,Adult,Prince Edward Island
89052,11,20/12/2008,07:08:19,-43.673,37.831,0,0,0,non_breeding,89052,unknown,Adult,Prince Edward Island
89052,12,20/12/2008,07:08:19,-43.683,37.816,0,0,0,non_breeding,89052,unknown,Adult,Prince Edward Island
89052,13,20/12/2008,10:42:02,-43.384,38.361,0,0,1,non_breeding,89052,unknown,Adult,Prince Edward Island
89052,14,21/12/2008,08:25:09,-46.557,37.626,0,0,0,non_breeding,89052,unknown,Adult,Prince Edward Island
89052,15,21/12/2008,08:28:02,-46.62,37.524,0,0,B,non_breeding,89052,unknown,Adult,Prince Edward Island
89052,16,21/12/2008,10:30:50,-46.617,37.962,0,0,2,non_breeding,89052,unknown,Adult,Prince Edward Island
89052,17,22/12/2008,10:17:18,-46.447,37.881,0,0,0,non_breeding,89052,unknown,Adult,Prince Edward Island
89052,18,23/12/2008,07:37:50,-44.261,38.294,0,0,3,non_breeding,89052,unknown,Adult,Prince Edward Island
89052,19,23/12/2008,07:46:31,-44.167,38.293,0,0,0,non_breeding,89052,unknown,Adult,Prince Edward Island
89052,20,23/12/2008,10:07:50,-43.922,38.785,0,0,0,non_breeding,89052,unknown,Adult,Prince Edward Island
89052,21,24/12/2008,07:16:47,-44.268,38.767,0,0,0,non_breeding,89052,unknown,Adult,Prince Edward Island
89052,22,24/12/2008,07:24:53,-44.233,38.8,0,0,0,non_breeding,89052,unknown,Adult,Prince Edward Island
89052,23,24/12/2008,09:56:38,-44.578,38.842,0,0,A,non_breeding,89052,unknown,Adult,Prince Edward Island
89052,24,25/12/2008,07:06:09,-43.629,38.318,0,0,0,non_breeding,89052,unknown,Adult,Prince Edward Island
89052,25,25/12/2008,08:45:11,-43.404,38.047,0,0,B,non_breeding,89052,unknown,Adult,Prince Edward Island
89052,26,25/12/2008,09:44:16,-43.048,38.692,0,0,A,non_breeding,89052,unknown,Adult,Prince Edward Island
89052,27,26/12/2008,09:37:42,-46.57,37.893,0,0,0,non_breeding,89052,unknown,Adult,Prince Edward Island
89052,28,27/12/2008,07:42:14,-41.128,33.3,0,0,0,non_breeding,89052,unknown,Adult,Prince Edward Island
89052,29,27/12/2008,08:02:31,-41.035,33.284,0,0,0,non_breeding,89052,unknown,Adult,Prince Edward Island
89052,30,28/12/2008,07:20:36,-39.557,29.091,0,0,0,non_breeding,89052,unknown,Adult,Prince Edward Island
89052,31,28/12/2008,07:40:18,-39.015,26.001,0,0,1,non_breeding,89052,unknown,Adult,Prince Edward Island
89052,32,28/12/2008,09:01:23,-38.961,25.437,0,0,0,non_breeding,89052,unknown,Adult,Prince Edward Island
89052,33,28/12/2008,09:22:49,-38.876,25.551,0,0,A,non_breeding,89052,unknown,Adult,Prince Edward Island
89052,34,28/12/2008,10:55:29,-39.12,25.097,0,0,0,non_breeding,89052,unknown,Adult,Prince Edward Island
89052,35,29/12/2008,07:03:01,-37.113,23.197,0,0,B,non_breeding,89052,unknown,Adult,Prince Edward Island
89052,36,29/12/2008,08:35:41,-36.492,23.79,0,0,0,non_breeding,89052,unknown,Adult,Prince Edward Island
89052,37,29/12/2008,09:02:20,-36.604,23.6,0,0,0,non_breeding,89052,unknown,Adult,Prince Edward Island
89052,38,29/12/2008,10:48:19,-37.089,23.852,0,0,0,non_breeding,89052,unknown,Adult,Prince Edward Island
89052,39,30/12/2008,07:04:33,-39.113,25.156,0,0,0,non_breeding,89052,unknown,Adult,Prince Edward Island
89052,40,30/12/2008,08:12:53,-39.094,25.279,0,0,0,non_breeding,89052,unknown,Adult,Prince Edward Island
89052,41,30/12/2008,08:41:16,-39.204,25.261,0,0,0,non_breeding,89052,unknown,Adult,Prince Edward Island
89052,42,31/12/2008,07:53:00,-41.55,24.173,0,0,0,non_breeding,89052,unknown,Adult,Prince Edward Island
89052,43,31/12/2008,08:24:16,-41.684,24.115,0,0,0,non_breeding,89052,unknown,Adult,Prince Edward Island
89052,44,31/12/2008,09:33:11,-41.999,24.285,0,0,A,non_breeding,89052,unknown,Adult,Prince Edward Island
89052,45,01/01/2009,07:29:03,-44.639,32.336,0,0,0,non_breeding,89052,unknown,Adult,Prince Edward Island
89052,46,01/01/2009,08:02:38,-44.736,32.733,0,0,0,non_breeding,89052,unknown,Adult,Prince Edward Island
89052,47,01/01/2009,10:13:32,-44.817,34.162,0,0,A,non_breeding,89052,unknown,Adult,Prince Edward Island
89052,48,02/01/2009,07:06:50,-44.831,37.412,0,0,0,non_breeding,89052,unknown,Adult,Prince Edward Island
89052,49,02/01/2009,07:41:01,-44.589,37.37,0,0,0,non_breeding,89052,unknown,Adult,Prince Edward Island
89052,50,02/01/2009,08:47:37,-44.296,37.087,0,0,B,non_breeding,89052,unknown,Adult,Prince Edward Island
89052,51,02/01/2009,10:04:04,-43.953,36.839,0,0,A,non_breeding,89052,unknown,Adult,Prince Edward Island
89052,52,03/01/2009,07:17:04,-40.197,33.136,0,0,0,non_breeding,89052,unknown,Adult,Prince Edward Island
89052,53,03/01/2009,08:24:15,-39.827,32.889,0,0,0,non_breeding,89052,unknown,Adult,Prince Edward Island
89052,54,04/01/2009,07:59:08,-37.048,24.497,0,0,A,non_breeding,89052,unknown,Adult,Prince Edward Island
89052,55,04/01/2009,08:37:56,-36.81,24.469,0,0,1,non_breeding,89052,unknown,Adult,Prince Edward Island
89052,56,05/01/2009,07:36:20,-35.911,21.667,0,0,0,non_breeding,89052,unknown,Adult,Prince Edward Island
89052,57,05/01/2009,08:16:18,-35.95,21.909,0,0,0,non_breeding,89052,unknown,Adult,Prince Edward Island
89052,58,05/01/2009,09:15:57,-36.041,22.019,0,0,A,non_breeding,89052,unknown,Adult,Prince Edward Island
89052,59,06/01/2009,07:11:13,-35.742,21.752,0,0,2,non_breeding,89052,unknown,Adult,Prince Edward Island
89052,60,06/01/2009,07:55:14,-35.796,21.748,0,0,0,non_breeding,89052,unknown,Adult,Prince Edward Island
89052,61,06/01/2009,08:53:44,-35.864,21.799,0,0,0,non_breeding,89052,unknown,Adult,Prince Edward Island
89052,62,06/01/2009,09:36:35,-35.7,21.878,0,0,B,non_breeding,89052,unknown,Adult,Prince Edward Island
89052,63,07/01/2009,07:36:29,-41.25,18.284,0,0,0,non_breeding,89052,unknown,Adult,Prince Edward Island
89052,64,07/01/2009,08:29:12,-41.649,18.362,0,0,0,non_breeding,89052,unknown,Adult,Prince Edward Island
89052,65,07/01/2009,09:16:41,-41.549,17.632,0,0,0,non_breeding,89052,unknown,Adult,Prince Edward Island
89052,66,07/01/2009,10:12:17,-41.431,17.042,0,0,B,non_breeding,89052,unknown,Adult,Prince Edward Island
89052,67,08/01/2009,07:16:01,-41.374,16.929,0,0,0,non_breeding,89052,unknown,Adult,Prince Edward Island
89052,68,08/01/2009,08:06:24,-41.457,17.23,0,0,0,non_breeding,89052,unknown,Adult,Prince Edward Island
89052,69,08/01/2009,08:55:38,-41.443,17.568,0,0,0,non_breeding,89052,unknown,Adult,Prince Edward Island
89052,70,08/01/2009,09:46:36,-41.525,17.417,0,0,0,non_breeding,89052,unknown,Adult,Prince Edward Island
89052,71,09/01/2009,07:44:11,-41.338,20.782,0,0,0,non_breeding,89052,unknown,Adult,Prince Edward Island
89052,72,09/01/2009,09:21:29,-41.042,21.409,0,0,A,non_breeding,89052,unknown,Adult,Prince Edward Island
89052,73,10/01/2009,07:19:39,-34.857,24.067,0,0,0,non_breeding,89052,unknown,Adult,Prince Edward Island
89052,74,10/01/2009,08:58:41,-34.573,24.813,0,0,0,non_breeding,89052,unknown,Adult,Prince Edward Island
89052,75,11/01/2009,08:34:09,-34.509,25.026,0,0,0,non_breeding,89052,unknown,Adult,Prince Edward Island
89052,76,12/01/2009,07:30:48,-34.674,25.265,0,0,0,non_breeding,89052,unknown,Adult,Prince Edward Island
89052,77,12/01/2009,08:13:05,-34.626,25.179,0,0,A,non_breeding,89052,unknown,Adult,Prince Edward Island
89052,78,12/01/2009,09:11:35,-34.676,25.203,0,0,0,non_breeding,89052,unknown,Adult,Prince Edward Island
89052,79,13/01/2009,07:12:04,-41.748,27.784,0,0,0,non_breeding,89052,unknown,Adult,Prince Edward Island
89052,80,13/01/2009,07:50:17,-41.799,27.703,0,0,0,non_breeding,89052,unknown,Adult,Prince Edward Island
89052,81,13/01/2009,08:53:25,-42.083,28.092,0,0,B,non_breeding,89052,unknown,Adult,Prince Edward Island
89052,82,14/01/2009,07:26:55,-46.936,36.182,0,0,0,non_breeding,89052,unknown,Adult,Prince Edward Island
89052,83,14/01/2009,09:36:04,-47.003,36.73,0,0,0,non_breeding,89052,unknown,Adult,Prince Edward Island
89052,84,15/01/2009,07:05:52,-41.595,37.334,0,0,0,non_breeding,89052,unknown,Adult,Prince Edward Island
89052,85,15/01/2009,08:10:44,-41.149,37.515,0,0,A,non_breeding,89052,unknown,Adult,Prince Edward Island
89052,86,15/01/2009,09:28:55,-41.006,38.133,0,0,B,non_breeding,89052,unknown,Adult,Prince Edward Island
89052,87,16/01/2009,07:50:50,-46.188,37.526,0,0,0,non_breeding,89052,unknown,Adult,Prince Edward Island
89052,88,16/01/2009,08:22:41,-46.327,37.388,0,0,B,non_breeding,89052,unknown,Adult,Prince Edward Island
89052,89,16/01/2009,10:55:01,-46.04,37.598,0,0,1,non_breeding,89052,unknown,Adult,Prince Edward Island
89052,90,17/01/2009,07:26:53,-43.077,37.907,0,0,0,non_breeding,89052,unknown,Adult,Prince Edward Island
89052,91,17/01/2009,07:58:10,-43.082,37.808,0,0,0,non_breeding,89052,unknown,Adult,Prince Edward Island
89052,92,17/01/2009,10:48:26,-43.041,36.417,0,0,0,non_breeding,89052,unknown,Adult,Prince Edward Island
89052,93,18/01/2009,07:09:54,-46.545,37.877,0,0,0,non_breeding,89052,unknown,Adult,Prince Edward Island
89052,94,18/01/2009,07:35:23,-46.293,37.867,0,0,0,non_breeding,89052,unknown,Adult,Prince Edward Island
89052,95,18/01/2009,08:51:50,-45.518,37.815,0,0,B,non_breeding,89052,unknown,Adult,Prince Edward Island
89052,96,18/01/2009,10:38:24,-44.903,37.52,0,0,0,non_breeding,89052,unknown,Adult,Prince Edward Island
89052,97,19/01/2009,07:11:26,-42.319,34.841,0,0,A,non_breeding,89052,unknown,Adult,Prince Edward Island
89057,1,18/12/2008,11:02:22,-42.522,59.446,0,0,A,non_breeding,89057,unknown,Adult,Prince Edward Island
89057,2,18/12/2008,13:26:22,-46.624,37.979,0,0,2,non_breeding,89057,unknown,Adult,Prince Edward Island
89057,3,18/12/2008,14:01:46,-46.617,37.98,0,0,1,non_breeding,89057,unknown,Adult,Prince Edward Island
89057,4,18/12/2008,15:05:58,-46.624,37.973,0,0,2,non_breeding,89057,unknown,Adult,Prince Edward Island
89057,5,18/12/2008,15:41:58,-46.623,37.975,0,0,3,non_breeding,89057,unknown,Adult,Prince Edward Island
89057,6,18/12/2008,18:26:22,-46.621,37.979,0,0,2,non_breeding,89057,unknown,Adult,Prince Edward Island
89057,7,18/12/2008,18:29:22,-46.62,37.978,0,0,3,non_breeding,89057,unknown,Adult,Prince Edward Island
89057,8,18/12/2008,20:06:34,-46.626,37.979,0,0,B,non_breeding,89057,unknown,Adult,Prince Edward Island
89057,9,18/12/2008,20:47:58,-46.622,37.978,0,0,B,non_breeding,89057,unknown,Adult,Prince Edward Island
89057,10,18/12/2008,22:27:34,-46.62,37.962,0,0,0,non_breeding,89057,unknown,Adult,Prince Edward Island
89057,11,19/12/2008,10:50:59,-46.626,37.981,0,0,1,non_breeding,89057,unknown,Adult,Prince Edward Island
89057,12,20/12/2008,07:07:48,-44.467,38.452,0,0,0,non_breeding,89057,unknown,Adult,Prince Edward Island
89057,13,20/12/2008,07:08:24,-44.466,38.431,0,0,0,non_breeding,89057,unknown,Adult,Prince Edward Island
89057,14,20/12/2008,10:40:12,-44.092,38.392,0,0,0,non_breeding,89057,unknown,Adult,Prince Edward Island
89057,15,21/12/2008,08:23:25,-46.446,38.159,0,0,A,non_breeding,89057,unknown,Adult,Prince Edward Island
89057,16,21/12/2008,08:30:01,-46.443,38.077,0,0,0,non_breeding,89057,unknown,Adult,Prince Edward Island
89057,17,21/12/2008,10:27:37,-46.622,37.974,0,0,1,non_breeding,89057,unknown,Adult,Prince Edward Island
89057,18,22/12/2008,10:18:03,-46.577,37.976,0,0,0,non_breeding,89057,unknown,Adult,Prince Edward Island
89057,19,23/12/2008,07:38:28,-42.631,34.635,0,0,0,non_breeding,89057,unknown,Adult,Prince Edward Island
89057,20,23/12/2008,07:47:28,-42.638,34.626,0,0,0,non_breeding,89057,unknown,Adult,Prince Edward Island
89057,21,23/12/2008,10:06:40,-42.819,35.689,0,0,B,non_breeding,89057,unknown,Adult,Prince Edward Island
89057,22,24/12/2008,07:12:41,-46.641,38.072,0,0,B,non_breeding,89057,unknown,Adult,Prince Edward Island
89057,23,24/12/2008,09:57:41,-46.619,37.957,0,0,0,non_breeding,89057,unknown,Adult,Prince Edward Island
89058,1,18/12/2008,11:02:36,-42.518,59.374,0,0,A,non_breeding,89058,unknown,Adult,Prince Edward Island
89058,2,18/12/2008,13:24:35,-46.632,37.963,0,0,A,non_breeding,89058,unknown,Adult,Prince Edward Island
89058,3,18/12/2008,14:02:02,-46.627,37.979,0,0,A,non_breeding,89058,unknown,Adult,Prince Edward Island
89058,4,18/12/2008,15:05:29,-46.624,37.977,0,0,2,non_breeding,89058,unknown,Adult,Prince Edward Island
89058,5,18/12/2008,15:41:07,-46.624,37.978,0,0,A,non_breeding,89058,unknown,Adult,Prince Edward Island
89058,6,18/12/2008,18:24:15,-46.623,37.977,0,0,2,non_breeding,89058,unknown,Adult,Prince Edward Island
89058,7,18/12/2008,18:29:41,-46.623,37.98,0,0,2,non_breeding,89058,unknown,Adult,Prince Edward Island
89058,8,18/12/2008,20:05:45,-46.624,37.974,0,0,3,non_breeding,89058,unknown,Adult,Prince Edward Island
89058,9,18/12/2008,20:08:10,-46.625,37.974,0,0,3,non_breeding,89058,unknown,Adult,Prince Edward Island
89058,10,18/12/2008,22:24:43,-46.402,36.615,0,0,0,non_breeding,89058,unknown,Adult,Prince Edward Island
89058,11,18/12/2008,23:48:05,-46.604,37.978,0,0,A,non_breeding,89058,unknown,Adult,Prince Edward Island
89058,12,19/12/2008,09:08:16,-46.697,38.023,0,0,B,non_breeding,89058,unknown,Adult,Prince Edward Island
89058,13,19/12/2008,10:50:22,-46.411,38.125,0,0,0,non_breeding,89058,unknown,Adult,Prince Edward Island
89058,14,20/12/2008,07:07:18,-43.449,38.31,0,0,0,non_breeding,89058,unknown,Adult,Prince Edward Island
89058,15,20/12/2008,07:08:30,-43.451,38.33,0,0,0,non_breeding,89058,unknown,Adult,Prince Edward Island
89058,16,20/12/2008,08:48:12,-42.908,38.518,0,0,0,non_breeding,89058,unknown,Adult,Prince Edward Island
89058,17,20/12/2008,08:50:01,-43.055,38.307,0,0,B,non_breeding,89058,unknown,Adult,Prince Edward Island
89058,18,20/12/2008,10:38:09,-42.964,38.189,0,0,0,non_breeding,89058,unknown,Adult,Prince Edward Island
89058,19,21/12/2008,10:27:45,-46.616,37.97,0,0,1,non_breeding,89058,unknown,Adult,Prince Edward Island
89058,20,22/12/2008,08:00:13,-45.821,38.498,0,0,0,non_breeding,89058,unknown,Adult,Prince Edward Island
89058,21,22/12/2008,08:07:28,-45.993,37.998,0,0,0,non_breeding,89058,unknown,Adult,Prince Edward Island
89058,22,22/12/2008,10:18:34,-45.22,38.273,0,0,0,non_breeding,89058,unknown,Adult,Prince Edward Island
89058,23,23/12/2008,07:39:32,-46.099,37.6,0,0,0,non_breeding,89058,unknown,Adult,Prince Edward Island
89058,24,23/12/2008,07:48:00,-46.173,37.565,0,0,0,non_breeding,89058,unknown,Adult,Prince Edward Island
89058,25,23/12/2008,10:06:58,-46.639,37.979,0,0,B,non_breeding,89058,unknown,Adult,Prince Edward Island
89058,26,24/12/2008,07:17:04,-46.61,37.891,0,0,0,non_breeding,89058,unknown,Adult,Prince Edward Island
89058,27,24/12/2008,07:27:56,-46.583,37.933,0,0,0,non_breeding,89058,unknown,Adult,Prince Edward Island
89058,28,24/12/2008,08:55:32,-46.366,37.913,0,0,A,non_breeding,89058,unknown,Adult,Prince Edward Island
89058,29,24/12/2008,09:54:09,-45.839,38.01,0,0,B,non_breeding,89058,unknown,Adult,Prince Edward Island
89058,30,25/12/2008,07:04:51,-39.828,39.261,0,0,1,non_breeding,89058,unknown,Adult,Prince Edward Island
89058,31,25/12/2008,08:29:26,-39.331,39.239,0,0,0,non_breeding,89058,unknown,Adult,Prince Edward Island
89058,32,26/12/2008,08:05:44,-35.933,35.533,0,0,0,non_breeding,89058,unknown,Adult,Prince Edward Island
89058,33,26/12/2008,08:24:28,-35.838,35.662,0,0,B,non_breeding,89058,unknown,Adult,Prince Edward Island
89058,34,27/12/2008,07:43:51,-33.975,27.999,0,0,0,non_breeding,89058,unknown,Adult,Prince Edward Island
89058,35,27/12/2008,08:01:58,-34.066,27.724,0,0,0,non_breeding,89058,unknown,Adult,Prince Edward Island
89058,36,27/12/2008,09:24:08,-34.488,26.714,0,0,Z,non_breeding,89058,unknown,Adult,Prince Edward Island
89060,1,18/12/2008,12:40:30,-46.318,38.305,0,0,0,non_breeding,89060,unknown,Adult,Prince Edward Island
89060,2,18/12/2008,13:25:50,-46.168,38.189,0,0,0,non_breeding,89060,unknown,Adult,Prince Edward Island
89060,3,18/12/2008,14:01:32,-46.101,38.26,0,0,0,non_breeding,89060,unknown,Adult,Prince Edward Island
89060,4,18/12/2008,14:18:32,-46.151,38.161,0,0,0,non_breeding,89060,unknown,Adult,Prince Edward Island
89060,5,18/12/2008,15:06:42,-46.007,38.261,0,0,0,non_breeding,89060,unknown,Adult,Prince Edward Island
89060,6,18/12/2008,15:41:16,-45.86,38.292,0,0,0,non_breeding,89060,unknown,Adult,Prince Edward Island
89060,7,18/12/2008,16:45:52,-45.761,38.14,0,0,0,non_breeding,89060,unknown,Adult,Prince Edward Island
89060,8,18/12/2008,17:24:24,-46.967,36.665,0,0,Z,non_breeding,89060,unknown,Adult,Prince Edward Island
89060,9,18/12/2008,18:26:44,-45.768,37.676,0,0,0,non_breeding,89060,unknown,Adult,Prince Edward Island
89060,10,18/12/2008,18:27:52,-45.769,37.628,0,0,0,non_breeding,89060,unknown,Adult,Prince Edward Island
89060,11,19/12/2008,07:29:25,-46.787,38.114,0,0,0,non_breeding,89060,unknown,Adult,Prince Edward Island
89060,12,19/12/2008,07:31:41,-46.761,38.103,0,0,0,non_breeding,89060,unknown,Adult,Prince Edward Island
89060,13,19/12/2008,10:50:35,-46.484,39.041,0,0,0,non_breeding,89060,unknown,Adult,Prince Edward Island
89060,14,20/12/2008,07:05:20,-44.175,38.291,0,0,1,non_breeding,89060,unknown,Adult,Prince Edward Island
89060,15,20/12/2008,07:07:36,-44.168,38.257,0,0,0,non_breeding,89060,unknown,Adult,Prince Edward Island
89060,16,20/12/2008,10:41:48,-43.32,37.313,0,0,0,non_breeding,89060,unknown,Adult,Prince Edward Island
89060,17,21/12/2008,08:23:49,-41.531,35.773,0,0,0,non_breeding,89060,unknown,Adult,Prince Edward Island
89060,18,21/12/2008,08:26:39,-41.49,35.727,0,0,A,non_breeding,89060,unknown,Adult,Prince Edward Island
89060,19,21/12/2008,10:27:55,-41.539,35.947,0,0,0,non_breeding,89060,unknown,Adult,Prince Edward Island
89060,20,22/12/2008,08:01:25,-41.473,31.348,0,0,0,non_breeding,89060,unknown,Adult,Prince Edward Island
89060,21,22/12/2008,08:05:57,-41.511,31.48,0,0,0,non_breeding,89060,unknown,Adult,Prince Edward Island
89060,22,22/12/2008,10:15:43,-42.187,30.315,0,0,0,non_breeding,89060,unknown,Adult,Prince Edward Island
89060,23,23/12/2008,07:39:36,-42.981,30.305,0,0,0,non_breeding,89060,unknown,Adult,Prince Edward Island
89060,24,23/12/2008,07:44:42,-42.94,30.404,0,0,0,non_breeding,89060,unknown,Adult,Prince Edward Island
89060,25,23/12/2008,09:18:46,-43.013,31.26,0,0,B,non_breeding,89060,unknown,Adult,Prince Edward Island
89060,26,23/12/2008,10:08:04,-43.333,31.526,0,0,A,non_breeding,89060,unknown,Adult,Prince Edward Island
89060,27,24/12/2008,07:14:23,-42.722,17.287,0,0,B,non_breeding,89060,unknown,Adult,Prince Edward Island
89060,28,25/12/2008,07:04:28,-42.643,17.283,0,0,B,non_breeding,89060,unknown,Adult,Prince Edward Island
89060,29,25/12/2008,08:34:34,-34.719,-18.818,0,0,0,non_breeding,89060,unknown,Adult,Prince Edward Island
89060,30,25/12/2008,08:46:28,-46.19,38.298,0,0,0,non_breeding,89060,unknown,Adult,Prince Edward Island
89060,31,25/12/2008,09:45:58,-45.136,38.974,0,0,0,non_breeding,89060,unknown,Adult,Prince Edward Island
89061,1,18/12/2008,11:01:43,-42.425,59.566,0,0,A,non_breeding,89061,unknown,Adult,Prince Edward Island
89061,2,18/12/2008,13:27:16,-46.617,37.978,0,0,2,non_breeding,89061,unknown,Adult,Prince Edward Island
89061,3,18/12/2008,14:02:40,-46.622,37.983,0,0,3,non_breeding,89061,unknown,Adult,Prince Edward Island
89061,4,18/12/2008,15:06:36,-46.624,37.971,0,0,2,non_breeding,89061,unknown,Adult,Prince Edward Island
89061,5,18/12/2008,15:41:25,-46.624,37.974,0,0,A,non_breeding,89061,unknown,Adult,Prince Edward Island
89061,6,18/12/2008,18:24:40,-46.623,37.98,0,0,2,non_breeding,89061,unknown,Adult,Prince Edward Island
89061,7,18/12/2008,20:05:08,-46.625,37.974,0,0,3,non_breeding,89061,unknown,Adult,Prince Edward Island
89061,8,18/12/2008,20:07:59,-46.625,37.975,0,0,2,non_breeding,89061,unknown,Adult,Prince Edward Island
89061,9,18/12/2008,20:46:48,-46.62,37.974,0,0,2,non_breeding,89061,unknown,Adult,Prince Edward Island
89061,10,18/12/2008,23:47:11,-46.588,37.955,0,0,0,non_breeding,89061,unknown,Adult,Prince Edward Island
89061,11,19/12/2008,10:48:04,-46.622,37.968,0,0,1,non_breeding,89061,unknown,Adult,Prince Edward Island
89061,12,20/12/2008,07:06:19,-46.622,37.979,0,0,2,non_breeding,89061,unknown,Adult,Prince Edward Island
89061,13,20/12/2008,07:07:28,-46.622,38.002,0,0,B,non_breeding,89061,unknown,Adult,Prince Edward Island
89061,14,20/12/2008,10:40:57,-46.061,37.66,0,0,A,non_breeding,89061,unknown,Adult,Prince Edward Island
89061,15,21/12/2008,08:23:41,-45.34,37.998,0,0,B,non_breeding,89061,unknown,Adult,Prince Edward Island
89061,16,21/12/2008,08:28:15,-45.406,38.031,0,0,1,non_breeding,89061,unknown,Adult,Prince Edward Island
89061,17,21/12/2008,10:26:59,-46.185,38.265,0,0,0,non_breeding,89061,unknown,Adult,Prince Edward Island
89061,18,22/12/2008,08:01:10,-43.792,38.11,0,0,0,non_breeding,89061,unknown,Adult,Prince Edward Island
89061,19,22/12/2008,08:06:52,-43.775,38.019,0,0,0,non_breeding,89061,unknown,Adult,Prince Edward Island
89061,20,22/12/2008,10:17:01,-43.469,38.452,0,0,0,non_breeding,89061,unknown,Adult,Prince Edward Island
89061,21,23/12/2008,07:39:12,-46.54,39.055,0,0,0,non_breeding,89061,unknown,Adult,Prince Edward Island
89061,22,23/12/2008,07:47:46,-46.522,38.966,0,0,0,non_breeding,89061,unknown,Adult,Prince Edward Island
89061,23,23/12/2008,10:07:37,-37.693,83.619,0,0,1,non_breeding,89061,unknown,Adult,Prince Edward Island
89061,24,24/12/2008,07:15:32,-43.968,36.651,0,0,1,non_breeding,89061,unknown,Adult,Prince Edward Island
89061,25,24/12/2008,07:25:14,-43.894,36.765,0,0,1,non_breeding,89061,unknown,Adult,Prince Edward Island
89061,26,25/12/2008,07:03:16,-41.964,38.321,0,0,0,non_breeding,89061,unknown,Adult,Prince Edward Island
89061,27,25/12/2008,08:33:28,-41.33,37.994,0,0,A,non_breeding,89061,unknown,Adult,Prince Edward Island
89061,28,25/12/2008,09:47:06,-41.003,38.177,0,0,A,non_breeding,89061,unknown,Adult,Prince Edward Island
89061,29,26/12/2008,08:07:30,-36.509,35.509,0,0,1,non_breeding,89061,unknown,Adult,Prince Edward Island
89061,30,26/12/2008,08:24:04,-36.45,35.44,0,0,0,non_breeding,89061,unknown,Adult,Prince Edward Island
89061,31,27/12/2008,07:42:41,-33.558,27.877,0,0,0,non_breeding,89061,unknown,Adult,Prince Edward Island
89061,32,27/12/2008,08:00:23,-33.427,27.66,0,0,0,non_breeding,89061,unknown,Adult,Prince Edward Island
89061,33,27/12/2008,09:23:09,-33.998,27.026,0,0,0,non_breeding,89061,unknown,Adult,Prince Edward Island
89061,34,28/12/2008,07:23:00,-36.499,20.285,0,0,0,non_breeding,89061,unknown,Adult,Prince Edward Island
89061,35,28/12/2008,07:40:42,-36.557,20.453,0,0,0,non_breeding,89061,unknown,Adult,Prince Edward Island
89061,36,28/12/2008,09:02:20,-36.569,20.389,0,0,0,non_breeding,89061,unknown,Adult,Prince Edward Island
89061,37,28/12/2008,09:23:27,-36.448,20.363,0,0,0,non_breeding,89061,unknown,Adult,Prince Edward Island
89061,38,28/12/2008,10:56:29,-36.467,20.171,0,0,A,non_breeding,89061,unknown,Adult,Prince Edward Island
89061,39,29/12/2008,07:00:28,-36.034,19.726,0,0,0,non_breeding,89061,unknown,Adult,Prince Edward Island
89061,40,29/12/2008,07:21:01,-36.121,20.318,0,0,0,non_breeding,89061,unknown,Adult,Prince Edward Island
89061,41,29/12/2008,08:34:39,-36.317,20.249,0,0,0,non_breeding,89061,unknown,Adult,Prince Edward Island
89061,42,29/12/2008,09:02:03,-36.384,20.286,0,0,1,non_breeding,89061,unknown,Adult,Prince Edward Island
89061,43,30/12/2008,07:01:54,-35.936,20.497,0,0,0,non_breeding,89061,unknown,Adult,Prince Edward Island
89061,44,30/12/2008,08:15:33,-35.827,20.628,0,0,0,non_breeding,89061,unknown,Adult,Prince Edward Island
89061,45,30/12/2008,08:40:40,-35.819,20.63,0,0,2,non_breeding,89061,unknown,Adult,Prince Edward Island
89061,46,31/12/2008,07:51:18,-36.239,19.22,0,0,0,non_breeding,89061,unknown,Adult,Prince Edward Island
89061,47,31/12/2008,08:19:50,-36.371,19.295,0,0,0,non_breeding,89061,unknown,Adult,Prince Edward Island
89061,48,31/12/2008,09:33:28,-36.759,18.86,0,0,0,non_breeding,89061,unknown,Adult,Prince Edward Island
89061,49,31/12/2008,10:00:52,-36.901,18.419,0,0,A,non_breeding,89061,unknown,Adult,Prince Edward Island
89061,50,01/01/2009,07:29:54,-39.368,15.33,0,0,0,non_breeding,89061,unknown,Adult,Prince Edward Island
89061,51,01/01/2009,08:01:52,-39.436,15.608,0,0,0,non_breeding,89061,unknown,Adult,Prince Edward Island
89061,52,01/01/2009,09:09:13,-39.352,15.324,0,0,0,non_breeding,89061,unknown,Adult,Prince Edward Island
89061,53,01/01/2009,09:42:20,-39.483,15.468,0,0,0,non_breeding,89061,unknown,Adult,Prince Edward Island
89061,54,02/01/2009,07:04:31,-39.717,14.805,0,0,0,non_breeding,89061,unknown,Adult,Prince Edward Island
89061,55,02/01/2009,07:39:20,-39.498,14.795,0,0,0,non_breeding,89061,unknown,Adult,Prince Edward Island
89061,56,02/01/2009,08:44:24,-39.314,14.732,0,0,0,non_breeding,89061,unknown,Adult,Prince Edward Island
89061,57,02/01/2009,09:20:22,-39.332,14.61,0,0,0,non_breeding,89061,unknown,Adult,Prince Edward Island
89061,58,03/01/2009,07:19:39,-39.28,15.344,0,0,0,non_breeding,89061,unknown,Adult,Prince Edward Island
89061,59,03/01/2009,08:20:09,-39.414,15.196,0,0,0,non_breeding,89061,unknown,Adult,Prince Edward Island
89061,60,03/01/2009,09:00:07,-39.434,15.385,0,0,0,non_breeding,89061,unknown,Adult,Prince Edward Island
89061,61,03/01/2009,10:01:46,-39.348,15.59,0,0,0,non_breeding,89061,unknown,Adult,Prince Edward Island
89061,62,04/01/2009,07:00:32,-39.856,17.249,0,0,0,non_breeding,89061,unknown,Adult,Prince Edward Island
89061,63,04/01/2009,07:57:03,-39.965,16.636,0,0,0,non_breeding,89061,unknown,Adult,Prince Edward Island
89061,64,04/01/2009,08:38:43,-40.242,17.079,0,0,0,non_breeding,89061,unknown,Adult,Prince Edward Island
89061,65,04/01/2009,09:40:56,-40.373,16.954,0,0,0,non_breeding,89061,unknown,Adult,Prince Edward Island
89061,66,05/01/2009,07:36:48,-41.44,17.668,0,0,0,non_breeding,89061,unknown,Adult,Prince Edward Island
89061,67,05/01/2009,08:18:28,-41.694,17.882,0,0,0,non_breeding,89061,unknown,Adult,Prince Edward Island
89061,68,05/01/2009,09:16:07,-42.027,17.877,0,0,A,non_breeding,89061,unknown,Adult,Prince Edward Island
89061,69,06/01/2009,07:11:25,-45.249,21.993,0,0,0,non_breeding,89061,unknown,Adult,Prince Edward Island
89061,70,06/01/2009,07:58:13,-45.231,22.303,0,0,1,non_breeding,89061,unknown,Adult,Prince Edward Island
89061,71,06/01/2009,08:53:01,-45.188,22.607,0,0,1,non_breeding,89061,unknown,Adult,Prince Edward Island
89061,72,07/01/2009,07:38:32,-45.203,29.487,0,0,0,non_breeding,89061,unknown,Adult,Prince Edward Island
89061,73,07/01/2009,08:28:12,-45.173,29.967,0,0,0,non_breeding,89061,unknown,Adult,Prince Edward Island
89061,74,07/01/2009,09:18:26,-44.109,30.065,0,0,A,non_breeding,89061,unknown,Adult,Prince Edward Island
89061,75,07/01/2009,10:48:37,-45.291,31.063,0,0,0,non_breeding,89061,unknown,Adult,Prince Edward Island
89061,76,08/01/2009,07:14:18,-46.269,37.12,0,0,1,non_breeding,89061,unknown,Adult,Prince Edward Island
89061,77,08/01/2009,08:06:49,-46.06,37.66,0,0,A,non_breeding,89061,unknown,Adult,Prince Edward Island
89061,78,08/01/2009,10:42:39,-46.148,38.66,0,0,0,non_breeding,89061,unknown,Adult,Prince Edward Island
89061,79,09/01/2009,07:44:17,-45.666,36.198,0,0,1,non_breeding,89061,unknown,Adult,Prince Edward Island
89061,80,09/01/2009,10:27:33,-45.733,35.572,0,0,0,non_breeding,89061,unknown,Adult,Prince Edward Island
89061,81,10/01/2009,07:20:03,-43.055,32.295,0,0,0,non_breeding,89061,unknown,Adult,Prince Edward Island
89061,82,10/01/2009,09:01:05,-41.524,31.354,0,0,A,non_breeding,89061,unknown,Adult,Prince Edward Island
89061,83,10/01/2009,10:20:26,-41.812,31.547,0,0,0,non_breeding,89061,unknown,Adult,Prince Edward Island
89061,84,11/01/2009,06:59:48,-38.606,26.206,0,0,B,non_breeding,89061,unknown,Adult,Prince Edward Island
89061,85,11/01/2009,08:35:42,-38.635,25.982,0,0,0,non_breeding,89061,unknown,Adult,Prince Edward Island
89061,86,12/01/2009,08:12:01,-34.634,23.103,0,0,1,non_breeding,89061,unknown,Adult,Prince Edward Island
89061,87,12/01/2009,09:11:23,-34.72,22.936,0,0,0,non_breeding,89061,unknown,Adult,Prince Edward Island
89061,88,13/01/2009,07:10:40,-35.875,20.615,0,0,0,non_breeding,89061,unknown,Adult,Prince Edward Island
89061,89,13/01/2009,07:48:54,-35.923,20.095,0,0,Z,non_breeding,89061,unknown,Adult,Prince Edward Island
89061,90,13/01/2009,08:52:50,-36.095,20.836,0,0,0,non_breeding,89061,unknown,Adult,Prince Edward Island
89061,91,13/01/2009,09:28:14,-36.109,20.822,0,0,0,non_breeding,89061,unknown,Adult,Prince Edward Island
89061,92,14/01/2009,07:25:14,-35.844,21.843,0,0,0,non_breeding,89061,unknown,Adult,Prince Edward Island
89061,93,14/01/2009,08:29:44,-35.813,21.824,0,0,0,non_breeding,89061,unknown,Adult,Prince Edward Island
89061,94,14/01/2009,09:06:50,-35.8,21.78,0,0,0,non_breeding,89061,unknown,Adult,Prince Edward Island
89061,95,15/01/2009,07:02:07,-34.681,24.872,0,0,0,non_breeding,89061,unknown,Adult,Prince Edward Island
89061,96,15/01/2009,08:08:54,-34.685,24.885,0,0,0,non_breeding,89061,unknown,Adult,Prince Edward Island
89061,97,15/01/2009,08:40:52,-34.672,24.798,0,0,0,non_breeding,89061,unknown,Adult,Prince Edward Island
89061,98,16/01/2009,07:48:39,-34.629,25.228,0,0,0,non_breeding,89061,unknown,Adult,Prince Edward Island
89061,99,16/01/2009,08:17:46,-34.67,25.09,0,0,2,non_breeding,89061,unknown,Adult,Prince Edward Island
89061,100,16/01/2009,10:56:27,-34.61,25.094,0,0,B,non_breeding,89061,unknown,Adult,Prince Edward Island
89061,101,17/01/2009,07:27:15,-34.563,25.298,0,0,0,non_breeding,89061,unknown,Adult,Prince Edward Island
89061,102,17/01/2009,07:55:48,-34.59,25.366,0,0,1,non_breeding,89061,unknown,Adult,Prince Edward Island
89061,103,17/01/2009,09:10:00,-34.433,24.738,0,0,A,non_breeding,89061,unknown,Adult,Prince Edward Island
89061,104,17/01/2009,10:48:11,-34.737,25.101,0,0,0,non_breeding,89061,unknown,Adult,Prince Edward Island
89061,105,18/01/2009,07:09:51,-39.12,32.75,0,0,0,non_breeding,89061,unknown,Adult,Prince Edward Island
89061,106,18/01/2009,07:33:50,-39.263,32.895,0,0,3,non_breeding,89061,unknown,Adult,Prince Edward Island
89061,107,18/01/2009,08:48:37,-39.603,32.943,0,0,0,non_breeding,89061,unknown,Adult,Prince Edward Island
89061,108,18/01/2009,10:38:12,-40.154,33.616,0,0,0,non_breeding,89061,unknown,Adult,Prince Edward Island
89061,109,19/01/2009,07:10:44,-45.834,37.318,0,0,0,non_breeding,89061,unknown,Adult,Prince Edward Island
89061,110,19/01/2009,08:30:05,-46.302,37.689,0,0,0,non_breeding,89061,unknown,Adult,Prince Edward Island
89061,111,19/01/2009,08:52:20,-46.377,37.634,0,0,B,non_breeding,89061,unknown,Adult,Prince Edward Island
89061,112,19/01/2009,10:27:06,-46.615,37.983,0,0,0,non_breeding,89061,unknown,Adult,Prince Edward Island
89061,113,20/01/2009,08:09:50,-45.927,38.206,0,0,0,non_breeding,89061,unknown,Adult,Prince Edward Island
89061,114,20/01/2009,08:29:49,-46.157,38.246,0,0,0,non_breeding,89061,unknown,Adult,Prince Edward Island
89061,115,20/01/2009,10:15:25,-46.564,37.992,0,0,0,non_breeding,89061,unknown,Adult,Prince Edward Island
89061,116,21/01/2009,07:47:52,-45.861,39.493,0,0,0,non_breeding,89061,unknown,Adult,Prince Edward Island
89061,117,21/01/2009,08:04:25,-45.856,39.545,0,0,0,non_breeding,89061,unknown,Adult,Prince Edward Island
89061,118,21/01/2009,10:03:43,-46.212,39.212,0,0,1,non_breeding,89061,unknown,Adult,Prince Edward Island
89061,119,22/01/2009,07:25:20,-45.566,39.742,0,0,0,non_breeding,89061,unknown,Adult,Prince Edward Island
89061,120,22/01/2009,07:43:02,-45.528,39.878,0,0,0,non_breeding,89061,unknown,Adult,Prince Edward Island
89061,121,22/01/2009,09:54:53,-44.991,40.468,0,0,0,non_breeding,89061,unknown,Adult,Prince Edward Island
89061,122,23/01/2009,07:05:05,-44.161,41.107,0,0,0,non_breeding,89061,unknown,Adult,Prince Edward Island
89061,123,23/01/2009,07:18:13,-44.192,41.151,0,0,0,non_breeding,89061,unknown,Adult,Prince Edward Island
89061,124,23/01/2009,09:43:47,-44.774,41.14,0,0,0,non_breeding,89061,unknown,Adult,Prince Edward Island
89061,125,24/01/2009,06:59:41,-47.16,38.347,0,0,Z,non_breeding,89061,unknown,Adult,Prince Edward Island
89061,126,24/01/2009,08:25:53,-47.013,38.75,0,0,0,non_breeding,89061,unknown,Adult,Prince Edward Island
89061,127,24/01/2009,08:37:18,-46.888,39.078,0,0,B,non_breeding,89061,unknown,Adult,Prince Edward Island
89061,128,25/01/2009,08:05:04,-45.502,39.271,0,0,0,non_breeding,89061,unknown,Adult,Prince Edward Island
89061,129,25/01/2009,08:13:03,-45.639,39.445,0,0,A,non_breeding,89061,unknown,Adult,Prince Edward Island
89061,130,26/01/2009,07:43:41,-42.187,40.162,0,0,0,non_breeding,89061,unknown,Adult,Prince Edward Island
89061,131,26/01/2009,07:48:49,-42.222,40.226,0,0,0,non_breeding,89061,unknown,Adult,Prince Edward Island
89061,132,26/01/2009,10:54:20,-41.345,40.105,0,0,0,non_breeding,89061,unknown,Adult,Prince Edward Island
89061,133,27/01/2009,07:21:43,-40.423,36.47,0,0,0,non_breeding,89061,unknown,Adult,Prince Edward Island
89061,134,27/01/2009,07:24:00,-40.426,36.458,0,0,1,non_breeding,89061,unknown,Adult,Prince Edward Island
89061,135,27/01/2009,10:44:21,-40.84,35.618,0,0,0,non_breeding,89061,unknown,Adult,Prince Edward Island
89061,136,28/01/2009,07:03:10,-39.925,33.563,0,0,0,non_breeding,89061,unknown,Adult,Prince Edward Island
89061,137,28/01/2009,07:03:10,-39.944,33.621,0,0,0,non_breeding,89061,unknown,Adult,Prince Edward Island
89061,138,28/01/2009,10:34:57,-39.264,33.04,0,0,A,non_breeding,89061,unknown,Adult,Prince Edward Island
89062,1,18/12/2008,11:02:28,-46.625,37.969,0,0,2,non_breeding,89062,unknown,Adult,Prince Edward Island
89062,2,18/12/2008,13:27:56,-46.622,37.975,0,0,A,non_breeding,89062,unknown,Adult,Prince Edward Island
89062,3,18/12/2008,14:05:19,-46.632,37.914,0,0,A,non_breeding,89062,unknown,Adult,Prince Edward Island
89062,4,18/12/2008,15:07:25,-46.624,37.978,0,0,1,non_breeding,89062,unknown,Adult,Prince Edward Island
89062,5,18/12/2008,15:41:20,-46.624,37.972,0,0,A,non_breeding,89062,unknown,Adult,Prince Edward Island
89062,6,18/12/2008,18:25:47,-46.624,37.979,0,0,2,non_breeding,89062,unknown,Adult,Prince Edward Island
89062,7,18/12/2008,18:30:23,-46.622,37.974,0,0,1,non_breeding,89062,unknown,Adult,Prince Edward Island
89062,8,18/12/2008,20:06:25,-46.624,37.974,0,0,2,non_breeding,89062,unknown,Adult,Prince Edward Island
89062,9,18/12/2008,20:09:17,-46.625,37.975,0,0,3,non_breeding,89062,unknown,Adult,Prince Edward Island
89062,10,18/12/2008,20:46:40,-46.616,37.971,0,0,1,non_breeding,89062,unknown,Adult,Prince Edward Island
89062,11,18/12/2008,22:27:17,-46.604,37.875,0,0,0,non_breeding,89062,unknown,Adult,Prince Edward Island
89062,12,19/12/2008,10:51:36,-46.62,37.924,0,0,0,non_breeding,89062,unknown,Adult,Prince Edward Island
89062,13,20/12/2008,07:05:24,-46.624,37.985,0,0,1,non_breeding,89062,unknown,Adult,Prince Edward Island
89062,14,20/12/2008,07:06:33,-46.623,37.951,0,0,A,non_breeding,89062,unknown,Adult,Prince Edward Island
89062,15,20/12/2008,10:39:52,-46.028,37.947,0,0,0,non_breeding,89062,unknown,Adult,Prince Edward Island
89062,16,21/12/2008,08:26:15,-43.149,37.589,0,0,B,non_breeding,89062,unknown,Adult,Prince Edward Island
89062,17,21/12/2008,08:28:33,-43.159,37.698,0,0,0,non_breeding,89062,unknown,Adult,Prince Edward Island
89062,18,21/12/2008,10:28:09,-42.731,37.671,0,0,2,non_breeding,89062,unknown,Adult,Prince Edward Island
89062,19,22/12/2008,08:01:18,-41.607,35.16,0,0,0,non_breeding,89062,unknown,Adult,Prince Edward Island
89062,20,22/12/2008,08:07:03,-41.523,35.057,0,0,1,non_breeding,89062,unknown,Adult,Prince Edward Island
89062,21,22/12/2008,10:20:27,-41.331,33.503,0,0,0,non_breeding,89062,unknown,Adult,Prince Edward Island
89062,22,23/12/2008,07:37:30,-39.134,31.862,0,0,0,non_breeding,89062,unknown,Adult,Prince Edward Island
89062,23,23/12/2008,07:47:17,-39.234,31.939,0,0,0,non_breeding,89062,unknown,Adult,Prince Edward Island
89062,24,23/12/2008,10:08:09,-40.102,33.183,0,0,0,non_breeding,89062,unknown,Adult,Prince Edward Island
89062,25,24/12/2008,07:13:42,-43.405,37.726,0,0,0,non_breeding,89062,unknown,Adult,Prince Edward Island
89062,26,24/12/2008,07:25:47,-43.489,37.633,0,0,0,non_breeding,89062,unknown,Adult,Prince Edward Island
89062,27,24/12/2008,09:54:08,-44.658,37.089,0,0,A,non_breeding,89062,unknown,Adult,Prince Edward Island
89062,28,25/12/2008,07:03:08,-46.625,37.959,0,0,1,non_breeding,89062,unknown,Adult,Prince Edward Island
89062,29,25/12/2008,09:46:26,-45.756,38.402,0,0,0,non_breeding,89062,unknown,Adult,Prince Edward Island
89062,30,26/12/2008,08:06:44,-37.468,39.512,0,0,B,non_breeding,89062,unknown,Adult,Prince Edward Island
89062,31,26/12/2008,08:22:16,-37.341,39.366,0,0,A,non_breeding,89062,unknown,Adult,Prince Edward Island
89065,1,18/12/2008,12:41:19,-46.389,38.323,0,0,0,non_breeding,89065,unknown,Adult,Prince Edward Island
89065,2,18/12/2008,13:24:48,-46.206,38.433,0,0,0,non_breeding,89065,unknown,Adult,Prince Edward Island
89065,3,18/12/2008,13:59:27,-46.162,38.713,0,0,0,non_breeding,89065,unknown,Adult,Prince Edward Island
89065,4,18/12/2008,15:05:16,-45.875,39.293,0,0,0,non_breeding,89065,unknown,Adult,Prince Edward Island
89065,5,18/12/2008,15:41:41,-45.752,39.544,0,0,0,non_breeding,89065,unknown,Adult,Prince Edward Island
89065,6,18/12/2008,18:23:50,-45.284,40.54,0,0,1,non_breeding,89065,unknown,Adult,Prince Edward Island
89065,7,18/12/2008,18:26:11,-45.253,40.514,0,0,0,non_breeding,89065,unknown,Adult,Prince Edward Island
89065,8,18/12/2008,20:04:53,-45.25,40.69,0,0,3,non_breeding,89065,unknown,Adult,Prince Edward Island
89065,9,18/12/2008,20:07:14,-45.25,40.694,0,0,3,non_breeding,89065,unknown,Adult,Prince Edward Island
89065,10,18/12/2008,20:50:07,-45.261,40.701,0,0,1,non_breeding,89065,unknown,Adult,Prince Edward Island
89065,11,18/12/2008,21:43:00,-45.271,40.715,0,0,B,non_breeding,89065,unknown,Adult,Prince Edward Island
89065,12,18/12/2008,21:47:07,-45.239,40.708,0,0,A,non_breeding,89065,unknown,Adult,Prince Edward Island
89065,13,18/12/2008,22:31:10,-45.27,40.742,0,0,1,non_breeding,89065,unknown,Adult,Prince Edward Island
89065,14,18/12/2008,23:51:04,-45.267,40.763,0,0,1,non_breeding,89065,unknown,Adult,Prince Edward Island
89065,15,19/12/2008,07:30:26,-46.154,38.838,0,0,0,non_breeding,89065,unknown,Adult,Prince Edward Island
89065,16,19/12/2008,07:32:12,-46.16,38.826,0,0,2,non_breeding,89065,unknown,Adult,Prince Edward Island
89065,17,19/12/2008,10:49:36,-46.623,37.997,0,0,0,non_breeding,89065,unknown,Adult,Prince Edward Island
89065,18,20/12/2008,07:04:53,-46.524,38.128,0,0,A,non_breeding,89065,unknown,Adult,Prince Edward Island
89065,19,20/12/2008,07:05:28,-46.615,38.143,0,0,0,non_breeding,89065,unknown,Adult,Prince Edward Island
89065,20,20/12/2008,10:44:01,-46.615,37.88,0,0,A,non_breeding,89065,unknown,Adult,Prince Edward Island
89065,21,21/12/2008,08:28:01,-44.423,37.932,0,0,B,non_breeding,89065,unknown,Adult,Prince Edward Island
89065,22,21/12/2008,10:26:42,-44.471,37.903,0,0,0,non_breeding,89065,unknown,Adult,Prince Edward Island
89065,23,22/12/2008,08:00:42,-44.155,37.253,0,0,0,non_breeding,89065,unknown,Adult,Prince Edward Island
89065,24,22/12/2008,08:08:56,-44.149,37.244,0,0,1,non_breeding,89065,unknown,Adult,Prince Edward Island
89065,25,24/12/2008,09:55:51,-46.667,37.908,0,0,0,non_breeding,89065,unknown,Adult,Prince Edward Island
89065,26,25/12/2008,07:02:15,-46.69,38.218,0,0,A,non_breeding,89065,unknown,Adult,Prince Edward Island
89065,27,26/12/2008,08:24:48,-43.001,40.662,0,0,B,non_breeding,89065,unknown,Adult,Prince Edward Island
89065,28,26/12/2008,09:35:53,-43.105,41.266,0,0,0,non_breeding,89065,unknown,Adult,Prince Edward Island
89065,29,28/12/2008,07:43:06,-43.966,41.512,0,0,B,non_breeding,89065,unknown,Adult,Prince Edward Island
89065,30,29/12/2008,07:02:16,-43.812,40.878,0,0,B,non_breeding,89065,unknown,Adult,Prince Edward Island
89065,31,29/12/2008,07:22:50,-43.881,40.706,0,0,0,non_breeding,89065,unknown,Adult,Prince Edward Island
89065,32,29/12/2008,10:45:31,-44.126,40.565,0,0,0,non_breeding,89065,unknown,Adult,Prince Edward Island
89065,33,30/12/2008,07:03:45,-45.21,38.565,0,0,0,non_breeding,89065,unknown,Adult,Prince Edward Island
89065,34,30/12/2008,08:16:01,-45.451,38.339,0,0,B,non_breeding,89065,unknown,Adult,Prince Edward Island
89065,35,30/12/2008,08:45:23,-45.435,38.545,0,0,B,non_breeding,89065,unknown,Adult,Prince Edward Island
89065,36,30/12/2008,10:35:15,-46.109,38.185,0,0,B,non_breeding,89065,unknown,Adult,Prince Edward Island
89065,37,31/12/2008,07:53:59,-46.655,38.053,0,0,0,non_breeding,89065,unknown,Adult,Prince Edward Island
89065,38,31/12/2008,10:26:09,-46.612,37.978,0,0,1,non_breeding,89065,unknown,Adult,Prince Edward Island
89065,39,01/01/2009,07:30:12,-46.575,37.959,0,0,0,non_breeding,89065,unknown,Adult,Prince Edward Island
89065,40,01/01/2009,10:14:07,-46.751,38.013,0,0,B,non_breeding,89065,unknown,Adult,Prince Edward Island
89066,1,18/12/2008,14:02:59,-46.621,37.975,0,0,1,non_breeding,89066,unknown,Adult,Prince Edward Island
89066,2,18/12/2008,18:24:30,-46.614,37.979,0,0,B,non_breeding,89066,unknown,Adult,Prince Edward Island
89066,3,18/12/2008,18:26:17,-46.615,37.991,0,0,B,non_breeding,89066,unknown,Adult,Prince Edward Island
89066,4,18/12/2008,20:06:52,-46.624,37.964,0,0,B,non_breeding,89066,unknown,Adult,Prince Edward Island
89066,5,18/12/2008,20:47:41,-46.607,37.964,0,0,A,non_breeding,89066,unknown,Adult,Prince Edward Island
89066,6,19/12/2008,07:28:59,-46.894,36.045,0,0,0,non_breeding,89066,unknown,Adult,Prince Edward Island
89066,7,19/12/2008,07:33:43,-46.876,36.035,0,0,1,non_breeding,89066,unknown,Adult,Prince Edward Island
89066,8,19/12/2008,10:51:20,-46.966,34.155,0,0,A,non_breeding,89066,unknown,Adult,Prince Edward Island
89066,9,20/12/2008,07:06:08,-45.032,33.801,0,0,1,non_breeding,89066,unknown,Adult,Prince Edward Island
89066,10,20/12/2008,07:08:30,-45.034,33.805,0,0,0,non_breeding,89066,unknown,Adult,Prince Edward Island
89066,11,20/12/2008,08:47:54,-44.723,34.047,0,0,B,non_breeding,89066,unknown,Adult,Prince Edward Island
89066,12,20/12/2008,08:50:16,-44.749,34.322,0,0,B,non_breeding,89066,unknown,Adult,Prince Edward Island
89066,13,20/12/2008,10:37:22,-44.257,34.681,0,0,A,non_breeding,89066,unknown,Adult,Prince Edward Island
89066,14,21/12/2008,10:31:05,-46.621,37.975,0,0,2,non_breeding,89066,unknown,Adult,Prince Edward Island
89066,15,23/12/2008,07:38:47,-46.24,38.099,0,0,0,non_breeding,89066,unknown,Adult,Prince Edward Island
89066,16,23/12/2008,07:48:15,-46.278,38.185,0,0,0,non_breeding,89066,unknown,Adult,Prince Edward Island
89066,17,24/12/2008,07:14:10,-46.077,37.247,0,0,0,non_breeding,89066,unknown,Adult,Prince Edward Island
89066,18,24/12/2008,07:26:36,-46.048,37.201,0,0,0,non_breeding,89066,unknown,Adult,Prince Edward Island
89066,19,24/12/2008,08:55:56,-45.761,36.911,0,0,B,non_breeding,89066,unknown,Adult,Prince Edward Island
89066,20,24/12/2008,09:56:17,-45.323,37.139,0,0,0,non_breeding,89066,unknown,Adult,Prince Edward Island
89066,21,25/12/2008,07:04:21,-40.261,37.274,0,0,0,non_breeding,89066,unknown,Adult,Prince Edward Island
89066,22,25/12/2008,08:31:55,-39.748,37.233,0,0,0,non_breeding,89066,unknown,Adult,Prince Edward Island
89066,23,25/12/2008,08:45:31,-39.3,37.102,0,0,A,non_breeding,89066,unknown,Adult,Prince Edward Island
89066,24,25/12/2008,09:44:06,-39.33,37.118,0,0,B,non_breeding,89066,unknown,Adult,Prince Edward Island
89066,25,26/12/2008,08:08:28,-39.048,36.873,0,0,0,non_breeding,89066,unknown,Adult,Prince Edward Island
89066,26,26/12/2008,08:22:40,-39.072,36.744,0,0,A,non_breeding,89066,unknown,Adult,Prince Edward Island
89066,27,27/12/2008,07:46:13,-43.663,37.793,0,0,0,non_breeding,89066,unknown,Adult,Prince Edward Island
89066,28,27/12/2008,08:03:58,-43.616,37.75,0,0,0,non_breeding,89066,unknown,Adult,Prince Edward Island
89066,29,28/12/2008,07:19:14,-43.765,37.572,0,0,0,non_breeding,89066,unknown,Adult,Prince Edward Island
89066,30,28/12/2008,07:40:32,-43.646,37.44,0,0,2,non_breeding,89066,unknown,Adult,Prince Edward Island
89066,31,28/12/2008,10:55:12,-42.861,37.232,0,0,2,non_breeding,89066,unknown,Adult,Prince Edward Island
89066,32,29/12/2008,07:02:54,-42.298,33.627,0,0,B,non_breeding,89066,unknown,Adult,Prince Edward Island
89066,33,29/12/2008,07:23:36,-40.898,29.158,0,0,1,non_breeding,89066,unknown,Adult,Prince Edward Island
89066,34,29/12/2008,08:39:20,-41.138,28.048,0,0,0,non_breeding,89066,unknown,Adult,Prince Edward Island
89066,35,29/12/2008,09:00:38,-41.166,27.52,0,0,Z,non_breeding,89066,unknown,Adult,Prince Edward Island
89066,36,29/12/2008,10:44:11,-41.193,25.704,0,0,A,non_breeding,89066,unknown,Adult,Prince Edward Island
89066,37,30/12/2008,07:03:07,-39.306,20.538,0,0,0,non_breeding,89066,unknown,Adult,Prince Edward Island
89066,38,30/12/2008,08:14:43,-39.432,20.056,0,0,1,non_breeding,89066,unknown,Adult,Prince Edward Island
89066,39,30/12/2008,08:41:21,-39.498,19.791,0,0,0,non_breeding,89066,unknown,Adult,Prince Edward Island
89066,40,30/12/2008,09:55:54,-39.639,19.114,0,0,0,non_breeding,89066,unknown,Adult,Prince Edward Island
89066,41,30/12/2008,10:36:08,-39.812,18.873,0,0,B,non_breeding,89066,unknown,Adult,Prince Edward Island
89066,42,31/12/2008,07:50:06,-41.06,23.713,0,0,1,non_breeding,89066,unknown,Adult,Prince Edward Island
89066,43,31/12/2008,08:20:52,-39.579,15.417,0,0,0,non_breeding,89066,unknown,Adult,Prince Edward Island
89066,44,31/12/2008,09:33:03,-39.749,15.017,0,0,0,non_breeding,89066,unknown,Adult,Prince Edward Island
89066,45,31/12/2008,10:04:24,-39.389,13.67,0,0,A,non_breeding,89066,unknown,Adult,Prince Edward Island
89066,46,01/01/2009,07:27:15,-40.077,13.764,0,0,0,non_breeding,89066,unknown,Adult,Prince Edward Island
89066,47,01/01/2009,09:07:50,-39.786,13.775,0,0,0,non_breeding,89066,unknown,Adult,Prince Edward Island
89066,48,01/01/2009,09:38:36,-39.888,13.676,0,0,A,non_breeding,89066,unknown,Adult,Prince Edward Island
89066,49,02/01/2009,07:04:24,-40.161,13.106,0,0,A,non_breeding,89066,unknown,Adult,Prince Edward Island
89066,50,02/01/2009,07:39:54,-40.235,13.355,0,0,0,non_breeding,89066,unknown,Adult,Prince Edward Island
89066,51,02/01/2009,08:43:48,-40.034,13.484,0,0,0,non_breeding,89066,unknown,Adult,Prince Edward Island
89066,52,02/01/2009,09:21:04,-39.847,13.589,0,0,1,non_breeding,89066,unknown,Adult,Prince Edward Island
89066,53,03/01/2009,07:20:00,-39.142,14.597,0,0,0,non_breeding,89066,unknown,Adult,Prince Edward Island
89066,54,03/01/2009,08:22:43,-39.453,13.595,0,0,Z,non_breeding,89066,unknown,Adult,Prince Edward Island
89066,55,03/01/2009,08:57:02,-39.471,14.538,0,0,0,non_breeding,89066,unknown,Adult,Prince Edward Island
89066,56,03/01/2009,10:01:32,-39.445,14.663,0,0,B,non_breeding,89066,unknown,Adult,Prince Edward Island
89066,57,04/01/2009,07:58:06,-39.222,15.64,0,0,0,non_breeding,89066,unknown,Adult,Prince Edward Island
89066,58,04/01/2009,08:37:44,-39.278,15.67,0,0,0,non_breeding,89066,unknown,Adult,Prince Edward Island
89066,59,04/01/2009,09:37:30,-39.265,15.662,0,0,B,non_breeding,89066,unknown,Adult,Prince Edward Island
89066,60,05/01/2009,07:35:50,-39.668,15.624,0,0,0,non_breeding,89066,unknown,Adult,Prince Edward Island
89066,61,05/01/2009,08:17:15,-39.573,15.621,0,0,0,non_breeding,89066,unknown,Adult,Prince Edward Island
89066,62,05/01/2009,09:14:39,-39.551,15.713,0,0,0,non_breeding,89066,unknown,Adult,Prince Edward Island
89066,63,06/01/2009,07:11:48,-40.179,14.851,0,0,0,non_breeding,89066,unknown,Adult,Prince Edward Island
89066,64,06/01/2009,07:54:24,-40.154,15.271,0,0,0,non_breeding,89066,unknown,Adult,Prince Edward Island
89066,65,06/01/2009,08:52:59,-40.075,14.995,0,0,0,non_breeding,89066,unknown,Adult,Prince Edward Island
89066,66,06/01/2009,09:39:08,-40.116,15.133,0,0,0,non_breeding,89066,unknown,Adult,Prince Edward Island
89066,67,07/01/2009,07:35:06,-40.438,14.307,0,0,0,non_breeding,89066,unknown,Adult,Prince Edward Island
89066,68,07/01/2009,08:28:57,-40.346,14.272,0,0,0,non_breeding,89066,unknown,Adult,Prince Edward Island
89066,69,07/01/2009,09:16:52,-40.39,14.419,0,0,0,non_breeding,89066,unknown,Adult,Prince Edward Island
89066,70,07/01/2009,10:08:56,-40.302,14.596,0,0,B,non_breeding,89066,unknown,Adult,Prince Edward Island
89066,71,08/01/2009,07:16:24,-39.724,14.817,0,0,0,non_breeding,89066,unknown,Adult,Prince Edward Island
89066,72,08/01/2009,08:10:14,-39.899,14.178,0,0,0,non_breeding,89066,unknown,Adult,Prince Edward Island
89066,73,08/01/2009,08:55:48,-40.335,14.775,0,0,0,non_breeding,89066,unknown,Adult,Prince Edward Island
89066,74,08/01/2009,09:47:52,-40.254,14.986,0,0,A,non_breeding,89066,unknown,Adult,Prince Edward Island
89066,75,08/01/2009,10:41:07,-40.744,15.712,0,0,B,non_breeding,89066,unknown,Adult,Prince Edward Island
89066,76,09/01/2009,07:43:15,-41.863,19.377,0,0,0,non_breeding,89066,unknown,Adult,Prince Edward Island
89066,77,09/01/2009,09:22:03,-41.542,19.989,0,0,A,non_breeding,89066,unknown,Adult,Prince Edward Island
89066,78,10/01/2009,07:20:24,-37.343,21.035,0,0,0,non_breeding,89066,unknown,Adult,Prince Edward Island
89066,79,10/01/2009,08:58:37,-36.973,21.562,0,0,0,non_breeding,89066,unknown,Adult,Prince Edward Island
89067,1,18/12/2008,11:01:29,-46.625,37.974,0,0,2,non_breeding,89067,unknown,Adult,Prince Edward Island
89067,2,18/12/2008,12:43:58,-46.476,38.181,0,0,0,non_breeding,89067,unknown,Adult,Prince Edward Island
89067,3,18/12/2008,13:24:29,-46.347,37.957,0,0,A,non_breeding,89067,unknown,Adult,Prince Edward Island
89067,4,18/12/2008,13:59:02,-46.249,37.788,0,0,B,non_breeding,89067,unknown,Adult,Prince Edward Island
89067,5,18/12/2008,14:17:31,-46.245,37.613,0,0,B,non_breeding,89067,unknown,Adult,Prince Edward Island
89067,6,18/12/2008,15:41:31,-46.625,37.974,0,0,3,non_breeding,89067,unknown,Adult,Prince Edward Island
89067,7,18/12/2008,18:25:23,-46.623,37.978,0,0,2,non_breeding,89067,unknown,Adult,Prince Edward Island
89067,8,18/12/2008,18:27:46,-46.625,37.979,0,0,2,non_breeding,89067,unknown,Adult,Prince Edward Island
89067,9,18/12/2008,20:04:53,-46.623,37.976,0,0,3,non_breeding,89067,unknown,Adult,Prince Edward Island
89067,10,18/12/2008,20:07:52,-46.625,37.974,0,0,A,non_breeding,89067,unknown,Adult,Prince Edward Island
89067,11,18/12/2008,20:46:35,-46.618,37.975,0,0,1,non_breeding,89067,unknown,Adult,Prince Edward Island
89067,12,19/12/2008,10:52:01,-46.615,37.96,0,0,1,non_breeding,89067,unknown,Adult,Prince Edward Island
89067,13,20/12/2008,07:04:31,-46.62,38.01,0,0,1,non_breeding,89067,unknown,Adult,Prince Edward Island
89067,14,20/12/2008,10:40:13,-46.547,38.001,0,0,1,non_breeding,89067,unknown,Adult,Prince Edward Island
89067,15,21/12/2008,10:30:48,-46.627,37.915,0,0,A,non_breeding,89067,unknown,Adult,Prince Edward Island
89067,16,22/12/2008,10:19:36,-46.618,37.974,0,0,2,non_breeding,89067,unknown,Adult,Prince Edward Island
89067,17,23/12/2008,10:09:35,-46.625,37.983,0,0,1,non_breeding,89067,unknown,Adult,Prince Edward Island
89067,18,24/12/2008,07:26:27,-46.535,37.885,0,0,A,non_breeding,89067,unknown,Adult,Prince Edward Island
89067,19,24/12/2008,09:58:59,-46.622,37.975,0,0,1,non_breeding,89067,unknown,Adult,Prince Edward Island
89067,20,25/12/2008,09:47:11,-46.625,37.965,0,0,2,non_breeding,89067,unknown,Adult,Prince Edward Island
89067,21,30/12/2008,10:34:52,-46.624,37.978,0,0,2,non_breeding,89067,unknown,Adult,Prince Edward Island
89068,1,18/12/2008,13:27:12,-46.623,37.963,0,0,1,non_breeding,89068,unknown,Adult,Prince Edward Island
89068,2,18/12/2008,14:00:48,-46.619,37.986,0,0,A,non_breeding,89068,unknown,Adult,Prince Edward Island
89068,3,18/12/2008,15:05:36,-46.624,37.971,0,0,Z,non_breeding,89068,unknown,Adult,Prince Edward Island
89068,4,18/12/2008,15:41:36,-46.625,37.971,0,0,A,non_breeding,89068,unknown,Adult,Prince Edward Island
89068,5,18/12/2008,18:25:24,-46.622,37.978,0,0,3,non_breeding,89068,unknown,Adult,Prince Edward Island
89068,6,18/12/2008,18:27:48,-46.622,37.983,0,0,3,non_breeding,89068,unknown,Adult,Prince Edward Island
89068,7,18/12/2008,20:04:24,-46.622,37.973,0,0,A,non_breeding,89068,unknown,Adult,Prince Edward Island
89068,8,18/12/2008,20:07:24,-46.63,37.976,0,0,B,non_breeding,89068,unknown,Adult,Prince Edward Island
89068,9,18/12/2008,20:48:12,-46.624,37.974,0,0,1,non_breeding,89068,unknown,Adult,Prince Edward Island
89068,10,18/12/2008,22:29:36,-46.607,37.898,0,0,0,non_breeding,89068,unknown,Adult,Prince Edward Island
89068,11,19/12/2008,07:32:00,-46.617,37.244,0,0,0,non_breeding,89068,unknown,Adult,Prince Edward Island
89068,12,19/12/2008,07:32:00,-46.616,37.216,0,0,0,non_breeding,89068,unknown,Adult,Prince Edward Island
89068,13,19/12/2008,10:51:12,-46.495,36.039,0,0,0,non_breeding,89068,unknown,Adult,Prince Edward Island
89068,14,20/12/2008,07:06:12,-43.621,33.366,0,0,0,non_breeding,89068,unknown,Adult,Prince Edward Island
89068,15,20/12/2008,07:07:24,-43.628,33.42,0,0,0,non_breeding,89068,unknown,Adult,Prince Edward Island
89068,16,20/12/2008,08:48:12,-43.218,33.718,0,0,B,non_breeding,89068,unknown,Adult,Prince Edward Island
89068,17,20/12/2008,10:41:00,-42.473,33.85,0,0,0,non_breeding,89068,unknown,Adult,Prince Edward Island
89068,18,21/12/2008,08:25:24,-41.013,32.052,0,0,0,non_breeding,89068,unknown,Adult,Prince Edward Island
89068,19,21/12/2008,08:26:36,-41.105,31.948,0,0,0,non_breeding,89068,unknown,Adult,Prince Edward Island
89068,20,21/12/2008,10:26:36,-41.582,32.925,0,0,0,non_breeding,89068,unknown,Adult,Prince Edward Island
89068,21,22/12/2008,10:17:37,-46.619,37.978,0,0,A,non_breeding,89068,unknown,Adult,Prince Edward Island
89068,22,23/12/2008,10:07:25,-45.929,38.137,0,0,0,non_breeding,89068,unknown,Adult,Prince Edward Island
89068,23,24/12/2008,07:14:01,-43.143,36.334,0,0,0,non_breeding,89068,unknown,Adult,Prince Edward Island
89068,24,24/12/2008,07:25:25,-43.126,36.42,0,0,0,non_breeding,89068,unknown,Adult,Prince Edward Island
89068,25,24/12/2008,09:54:13,-43.611,35.797,0,0,A,non_breeding,89068,unknown,Adult,Prince Edward Island
89068,26,25/12/2008,09:47:02,-46.639,37.927,0,0,A,non_breeding,89068,unknown,Adult,Prince Edward Island
89068,27,26/12/2008,09:38:38,-46.625,38.01,0,0,B,non_breeding,89068,unknown,Adult,Prince Edward Island
89068,28,27/12/2008,07:42:15,-40.399,33.82,0,0,0,non_breeding,89068,unknown,Adult,Prince Edward Island
89068,29,27/12/2008,08:02:03,-40.303,33.656,0,0,0,non_breeding,89068,unknown,Adult,Prince Edward Island
89068,30,28/12/2008,07:21:15,-39.687,28.532,0,0,0,non_breeding,89068,unknown,Adult,Prince Edward Island
89068,31,28/12/2008,07:40:27,-39.33,26.232,0,0,0,non_breeding,89068,unknown,Adult,Prince Edward Island
89068,32,28/12/2008,09:00:15,-39.969,24.77,0,0,A,non_breeding,89068,unknown,Adult,Prince Edward Island
89068,33,28/12/2008,09:22:27,-39.583,25.202,0,0,A,non_breeding,89068,unknown,Adult,Prince Edward Island
89068,34,28/12/2008,10:57:51,-39.381,25.109,0,0,A,non_breeding,89068,unknown,Adult,Prince Edward Island
89068,35,29/12/2008,07:22:27,-39.147,25.973,0,0,0,non_breeding,89068,unknown,Adult,Prince Edward Island
89068,36,29/12/2008,08:40:27,-39.447,24.974,0,0,0,non_breeding,89068,unknown,Adult,Prince Edward Island
89068,37,29/12/2008,09:03:51,-39.43,24.94,0,0,A,non_breeding,89068,unknown,Adult,Prince Edward Island
89068,38,29/12/2008,10:45:15,-39.369,25.084,0,0,B,non_breeding,89068,unknown,Adult,Prince Edward Island
89068,39,30/12/2008,07:05:39,-42.073,22.488,0,0,0,non_breeding,89068,unknown,Adult,Prince Edward Island
89068,40,30/12/2008,08:14:03,-42.161,21.683,0,0,0,non_breeding,89068,unknown,Adult,Prince Edward Island
89068,41,30/12/2008,08:43:27,-41.982,21.712,0,0,0,non_breeding,89068,unknown,Adult,Prince Edward Island
